S0701_C01_001E,S0701_C01_005E,S0701_C01_007E,S0701_C01_011E,S0701_C01_041E,S0701_C01_035E,S0701_C01_037E,state,year,B06009_005E
2957797.0,375578.0,389310.0,37.1,265677.0,591240.0,248488.0,28,2013,248488.0
5973448.0,796534.0,839236.0,38.6,485917.0,1276285.0,685991.0,29,2013,685991.0
1003013.0,126517.0,134116.0,40.2,87202.0,200303.0,135518.0,30,2013,135518.0
1842900.0,250749.0,245360.0,36.9,135830.0,329595.0,238160.0,31,2013,238160.0
2757365.0,397867.0,378190.0,37.5,195156.0,532452.0,282283.0,32,2013,282283.0
1310978.0,150082.0,215908.0,42.7,93055.0,270826.0,202495.0,33,2013,202495.0
8803679.0,1139704.0,1352589.0,39.9,552045.0,1751336.0,1374616.0,34,2013,1374616.0
2059689.0,270201.0,267999.0,37.5,169007.0,361553.0,204226.0,35,2013,204226.0
19431954.0,2795995.0,2817419.0,38.6,1321484.0,3594712.0,2589891.0,36,2013,2589891.0
9737365.0,1269513.0,1353614.0,38.3,785113.0,1743595.0,1211484.0,37,2013,1211484.0
714804.0,101662.0,90992.0,35.9,50010.0,128539.0,93470.0,38,2013,93470.0
11439593.0,1446230.0,1634139.0,39.8,874772.0,2668826.0,1279678.0,39,2013,1279678.0
3801521.0,522612.0,493982.0,36.7,295332.0,809792.0,402956.0,40,2013,402956.0
3888216.0,534850.0,512733.0,39.5,305367.0,655870.0,521031.0,41,2013,521031.0
12639493.0,1600329.0,1840649.0,41.0,963049.0,3209801.0,1540228.0,42,2013,1540228.0
1040986.0,134876.0,155074.0,40.3,84113.0,191854.0,142598.0,44,2013,142598.0
4720602.0,607844.0,651143.0,39.1,393598.0,939047.0,529944.0,45,2013,529944.0
832703.0,110717.0,109277.0,37.3,62731.0,172701.0,104240.0,46,2013,104240.0
6419226.0,842934.0,895569.0,39.0,548157.0,1437758.0,681475.0,47,2013,681475.0
26087349.0,3804859.0,3440186.0,34.5,1810212.0,4207669.0,3044921.0,48,2013,3044921.0
621256.0,70428.0,95060.0,42.9,51449.0,133439.0,93427.0,50,2013,93427.0
2854667.0,439707.0,304801.0,30.7,177654.0,382199.0,348502.0,49,2013,348502.0
8163664.0,1152347.0,1183017.0,38.0,528517.0,1380486.0,1172309.0,51,2013,1172309.0
6888552.0,992349.0,946219.0,37.8,438694.0,1095589.0,984473.0,53,2013,984473.0
1837863.0,213278.0,254645.0,42.1,156843.0,520535.0,146732.0,54,2013,146732.0
5681024.0,733172.0,832482.0,39.5,436272.0,1243158.0,711851.0,55,2013,711851.0
575933.0,81598.0,74575.0,37.1,41317.0,109099.0,68225.0,56,2013,68225.0
,,,,,,,72,2013,
4781296.0,612773.0,660842.0,38.7,408152.0,1001134.0,476016.0,01,2013,476016.0
725193.0,114008.0,101153.0,33.6,44864.0,129029.0,84038.0,02,2013,84038.0
6543362.0,880940.0,834747.0,37.3,483770.0,1079149.0,741982.0,04,2013,741982.0
2923642.0,383853.0,388763.0,38.3,268171.0,691814.0,262755.0,05,2013,262755.0
37873189.0,5582572.0,5207404.0,36.2,2913157.0,5228893.0,4905468.0,06,2013,4905468.0
5206012.0,776660.0,715100.0,36.8,336809.0,761103.0,837913.0,08,2013,837913.0
914025.0,119039.0,130801.0,39.6,66593.0,196726.0,108075.0,10,2013,108075.0
636535.0,144746.0,76302.0,34.2,33161.0,84220.0,102958.0,11,2013,102958.0
3562959.0,439149.0,556065.0,40.8,225268.0,673455.0,508487.0,09,2013,508487.0
19345059.0,2435386.0,2726761.0,41.9,1658163.0,4042708.0,2409162.0,12,2013,2409162.0
9870319.0,1347160.0,1384531.0,36.4,723298.0,1850063.0,1149847.0,13,2013,1149847.0
1592596.0,207643.0,204069.0,36.2,121590.0,281769.0,185216.0,16,2013,185216.0
1387361.0,204167.0,180050.0,38.6,88964.0,263311.0,199229.0,15,2013,199229.0
12740816.0,1779710.0,1793296.0,37.6,836748.0,2321273.0,1698605.0,17,2013,1698605.0
6492306.0,840482.0,902635.0,37.8,500199.0,1478163.0,655276.0,18,2013,655276.0
3053635.0,389750.0,413491.0,38.5,216091.0,670345.0,370188.0,19,2013,370188.0
2854869.0,387558.0,373474.0,36.5,202658.0,498426.0,374418.0,20,2013,374418.0
4345186.0,564634.0,615725.0,38.9,369828.0,979031.0,392610.0,21,2013,392610.0
4568320.0,659092.0,620965.0,36.5,366907.0,1019022.0,453347.0,22,2013,453347.0
1315753.0,150177.0,205099.0,44.4,119778.0,322855.0,172498.0,23,2013,172498.0
5857213.0,815577.0,889419.0,38.7,318001.0,1030851.0,814992.0,24,2013,814992.0
6619999.0,909352.0,995512.0,39.8,450262.0,1190870.0,1037415.0,25,2013,1037415.0
9784094.0,1180523.0,1419883.0,40.1,759798.0,1971925.0,1089029.0,26,2013,1089029.0
5353441.0,739072.0,770612.0,38.3,357114.0,955079.0,813237.0,27,2013,813237.0
4791931.0,615948.0,651204.0,39.1,411183.0,1028665.0,478058.0,01,2014,478058.0
725206.0,113774.0,96361.0,33.8,40726.0,131987.0,85634.0,02,2014,85634.0
6651964.0,895519.0,836539.0,37.4,488685.0,1079812.0,765784.0,04,2014,765784.0
2931123.0,378309.0,380913.0,38.2,268205.0,686786.0,272411.0,05,2014,272411.0
38340324.0,5722924.0,5235948.0,36.4,2924395.0,5360853.0,5120162.0,06,2014,5120162.0
5293943.0,798685.0,711280.0,36.7,336220.0,783816.0,862158.0,08,2014,862158.0
924770.0,121964.0,128366.0,40.1,63912.0,199747.0,116931.0,10,2014,116931.0
648586.0,150211.0,76790.0,34.2,31675.0,84213.0,112706.0,11,2014,112706.0
3558915.0,438421.0,549077.0,40.9,214154.0,680274.0,527472.0,09,2014,527472.0
19683763.0,2512629.0,2730745.0,42.1,1644887.0,4151300.0,2448663.0,12,2014,2448663.0
9970167.0,1375152.0,1390329.0,36.6,736240.0,1869967.0,1199733.0,13,2014,1199733.0
1613068.0,211307.0,196806.0,36.4,129467.0,294862.0,175108.0,16,2014,175108.0
1401004.0,210810.0,178931.0,38.6,89207.0,277667.0,200315.0,15,2014,200315.0
12730206.0,1777446.0,1768994.0,37.9,841161.0,2305681.0,1737022.0,17,2014,1737022.0
6516181.0,843079.0,887498.0,37.9,492671.0,1488013.0,682893.0,18,2014,682893.0
3067872.0,390194.0,409347.0,38.7,225989.0,654890.0,383943.0,19,2014,383943.0
2866584.0,387054.0,364467.0,36.7,206792.0,498750.0,381292.0,20,2014,381292.0
4357819.0,562906.0,613459.0,39.0,364156.0,1003583.0,386963.0,21,2014,386963.0
4593505.0,660444.0,603300.0,36.6,367032.0,1033528.0,463860.0,22,2014,463860.0
1317638.0,152283.0,201870.0,44.5,112406.0,310287.0,185890.0,23,2014,185890.0
5911235.0,827460.0,877068.0,38.7,338050.0,1043926.0,841315.0,24,2014,841315.0
6674907.0,928715.0,985071.0,39.9,459738.0,1161032.0,1077993.0,25,2014,1077993.0
9795659.0,1196312.0,1399671.0,40.1,767843.0,1980847.0,1105362.0,26,2014,1105362.0
5385219.0,750973.0,758907.0,38.4,358492.0,943377.0,834094.0,27,2014,834094.0
2957658.0,383751.0,380159.0,37.2,245643.0,585936.0,254250.0,28,2014,254250.0
5992195.0,794702.0,823321.0,39.0,468963.0,1279755.0,696669.0,29,2014,696669.0
1012169.0,128275.0,131523.0,40.1,82852.0,213165.0,135401.0,30,2014,135401.0
1855356.0,254597.0,236925.0,36.7,130483.0,333560.0,247729.0,31,2014,247729.0
2806170.0,405679.0,384352.0,37.9,206662.0,540814.0,291473.0,32,2014,291473.0
1314735.0,154599.0,209620.0,42.8,97215.0,265993.0,201723.0,33,2014,201723.0
8840346.0,1147338.0,1336370.0,39.9,530139.0,1729723.0,1415973.0,34,2014,1415973.0
2060189.0,276256.0,264028.0,37.7,166485.0,362284.0,206947.0,35,2014,206947.0
19528220.0,2845848.0,2787279.0,38.7,1336018.0,3599907.0,2651150.0,36,2014,2651150.0
9832152.0,1279666.0,1362793.0,38.8,805939.0,1772285.0,1239857.0,37,2014,1239857.0
729874.0,107993.0,91263.0,35.7,48902.0,133393.0,94873.0,38,2014,94873.0
11464891.0,1467370.0,1598371.0,39.8,862862.0,2666563.0,1301747.0,39,2014,1301747.0
3827288.0,527616.0,490295.0,36.8,293057.0,801435.0,405799.0,40,2014,405799.0
3927857.0,540740.0,507808.0,39.7,302077.0,666778.0,528064.0,41,2014,528064.0
12645888.0,1635951.0,1800577.0,41.1,944239.0,3220327.0,1554120.0,42,2014,1554120.0
1045791.0,138101.0,152889.0,40.2,79106.0,208366.0,131408.0,44,2014,131408.0
4780659.0,618537.0,646733.0,39.3,413651.0,989223.0,543917.0,45,2014,543917.0
842076.0,111603.0,106294.0,37.2,61732.0,170122.0,111108.0,46,2014,111108.0
6471445.0,854494.0,893373.0,39.1,558804.0,1473547.0,717801.0,47,2014,717801.0
26588600.0,3904730.0,3462983.0,34.7,1848098.0,4298854.0,3104847.0,48,2014,3104847.0
620898.0,72896.0,90001.0,43.1,48637.0,134352.0,91472.0,50,2014,91472.0
2894001.0,436363.0,307903.0,31.0,182982.0,391862.0,353832.0,49,2014,353832.0
8224054.0,1165651.0,1171247.0,38.2,554002.0,1382376.0,1173872.0,51,2014,1173872.0
6979369.0,1012757.0,943438.0,37.9,438404.0,1090724.0,1005685.0,53,2014,1005685.0
1831414.0,219419.0,250979.0,42.3,151361.0,532918.0,152434.0,54,2014,152434.0
5692727.0,732093.0,817343.0,39.6,428682.0,1244668.0,736544.0,55,2014,736544.0
577782.0,83555.0,72469.0,37.0,41016.0,106759.0,69557.0,56,2014,69557.0
,,,,,,,72,2014,
2959289.0,373921.0,375597.0,37.4,251582.0,605790.0,253036.0,28,2015,253036.0
6015580.0,796209.0,807305.0,38.9,467227.0,1269953.0,706922.0,29,2015,706922.0
1019646.0,128657.0,128947.0,40.4,84149.0,222399.0,144135.0,30,2015,144135.0
1869217.0,252652.0,231101.0,36.7,132772.0,331868.0,244556.0,31,2015,244556.0
2859489.0,411910.0,390850.0,38.2,194805.0,549151.0,304948.0,32,2015,304948.0
1318121.0,155315.0,205373.0,43.2,87433.0,267078.0,205513.0,33,2015,205513.0
8854363.0,1151980.0,1323526.0,40.1,537536.0,1757377.0,1437307.0,34,2015,1437307.0
2060441.0,272426.0,256724.0,37.9,165681.0,369807.0,198116.0,35,2015,198116.0
19570171.0,2875580.0,2760964.0,38.8,1309417.0,3615023.0,2727078.0,36,2015,2727078.0
9927547.0,1298130.0,1364407.0,38.8,808898.0,1785510.0,1277412.0,37,2015,1277412.0
745291.0,114100.0,88569.0,35.6,48363.0,135670.0,105625.0,38,2015,105625.0
11482142.0,1486363.0,1575665.0,39.8,845561.0,2664823.0,1329009.0,39,2015,1329009.0
3864908.0,535955.0,481745.0,36.8,293606.0,808375.0,421765.0,40,2015,421765.0
3985712.0,553310.0,517829.0,39.5,301123.0,654930.0,566244.0,41,2015,566244.0
12662192.0,1648641.0,1774180.0,41.2,900062.0,3174802.0,1611499.0,42,2015,1611499.0
1045062.0,143020.0,148812.0,40.2,83123.0,204295.0,141131.0,44,2015,141131.0
4839984.0,631579.0,651938.0,39.5,413281.0,977099.0,575843.0,45,2015,575843.0
848285.0,111923.0,104609.0,37.5,61067.0,175958.0,110562.0,46,2015,110562.0
6522259.0,865801.0,893939.0,39.2,538761.0,1482137.0,719980.0,47,2015,719980.0
27092848.0,3977864.0,3496526.0,34.9,1809099.0,4425654.0,3266266.0,48,2015,3266266.0
619952.0,70733.0,90388.0,43.6,48204.0,127127.0,97824.0,50,2015,97824.0
2947423.0,440506.0,307739.0,31.1,180356.0,421822.0,368302.0,49,2015,368302.0
8283737.0,1172805.0,1169438.0,38.2,539162.0,1399157.0,1209217.0,51,2015,1209217.0
7089143.0,1050364.0,948243.0,38.0,435388.0,1127649.0,1059707.0,53,2015,1059707.0
1823753.0,217874.0,246590.0,42.6,159382.0,529290.0,152256.0,54,2015,152256.0
5708201.0,725456.0,798893.0,39.9,418322.0,1223628.0,742544.0,55,2015,742544.0
579102.0,82440.0,69973.0,37.0,38274.0,111830.0,67108.0,56,2015,67108.0
,,,,,,,72,2015,
4801599.0,624472.0,644006.0,39.2,409390.0,1018063.0,504626.0,01,2015,504626.0
727862.0,118778.0,93326.0,33.8,43007.0,128052.0,87869.0,02,2015,87869.0
6747595.0,914761.0,842972.0,37.9,484395.0,1110871.0,788933.0,04,2015,788933.0
2938341.0,385391.0,383582.0,38.4,257825.0,678452.0,278975.0,05,2015,278975.0
38675135.0,5832712.0,5243141.0,36.6,2899797.0,5430081.0,5285754.0,06,2015,5285754.0
5393067.0,827137.0,711031.0,36.8,336693.0,796984.0,909032.0,08,2015,909032.0
935813.0,124348.0,129436.0,40.1,62202.0,194810.0,117581.0,10,2015,117581.0
663006.0,152487.0,77353.0,34.1,33456.0,82181.0,112629.0,11,2015,112629.0
3554844.0,442776.0,537158.0,41.0,223355.0,678916.0,535933.0,09,2015,535933.0
20068392.0,2593253.0,2743332.0,42.2,1656712.0,4201879.0,2620339.0,12,2015,2620339.0
10088525.0,1383268.0,1401045.0,36.8,733762.0,1879302.0,1244449.0,13,2015,1244449.0
1635366.0,216810.0,198964.0,36.2,128886.0,292667.0,189566.0,16,2015,189566.0
1414355.0,216396.0,174599.0,38.2,81483.0,267568.0,205033.0,15,2015,205033.0
12706393.0,1773212.0,1744768.0,38.1,812879.0,2314192.0,1757697.0,17,2015,1757697.0
6540691.0,842022.0,878429.0,38.0,477201.0,1496775.0,697223.0,18,2015,697223.0
3081446.0,392752.0,399872.0,38.7,226838.0,664912.0,377035.0,19,2015,377035.0
2875640.0,384499.0,362357.0,36.8,201498.0,501278.0,384495.0,20,2015,384495.0
4373403.0,561502.0,601478.0,39.3,370733.0,1002541.0,406865.0,21,2015,406865.0
4612024.0,670600.0,597756.0,36.8,364699.0,1056533.0,470739.0,22,2015,470739.0
1317444.0,151964.0,196149.0,44.9,111233.0,314332.0,187513.0,23,2015,187513.0
5934005.0,834133.0,868662.0,38.8,329636.0,1029325.0,866352.0,24,2015,866352.0
6725678.0,941776.0,976402.0,39.8,453951.0,1184423.0,1086715.0,25,2015,1086715.0
9811416.0,1221558.0,1375302.0,40.2,764638.0,1979472.0,1145546.0,26,2015,1145546.0
5419822.0,745711.0,744590.0,38.4,347537.0,941170.0,847584.0,27,2015,847584.0
2951081.0,378612.0,375436.0,37.7,256628.0,603335.0,264865.0,28,2016,264865.0
6022165.0,799577.0,792112.0,38.9,455492.0,1265386.0,729511.0,29,2016,729511.0
1032794.0,126836.0,127833.0,40.5,88252.0,206415.0,148944.0,30,2016,148944.0
1882987.0,255384.0,228611.0,36.8,122162.0,328348.0,261931.0,31,2016,261931.0
2907243.0,424305.0,391041.0,38.3,194624.0,585057.0,308547.0,32,2016,308547.0
1322101.0,160594.0,202258.0,43.2,85757.0,256245.0,213461.0,33,2016,213461.0
8852286.0,1157062.0,1294506.0,39.9,523239.0,1706073.0,1460518.0,34,2016,1460518.0
2057857.0,276979.0,249585.0,38.2,170445.0,370508.0,215691.0,35,2016,215691.0
19526443.0,2886788.0,2708708.0,38.8,1307583.0,3574814.0,2749619.0,36,2016,2749619.0
10032407.0,1321286.0,1385796.0,39.2,794667.0,1775886.0,1345615.0,37,2016,1345615.0
746271.0,116058.0,87234.0,35.7,44467.0,134178.0,107578.0,38,2016,107578.0
11481752.0,1500872.0,1546555.0,39.8,836809.0,2639028.0,1362205.0,39,2016,1362205.0
3873232.0,536769.0,480811.0,36.9,288993.0,802529.0,432922.0,40,2016,432922.0
4052221.0,573033.0,514900.0,39.5,307127.0,655893.0,572508.0,41,2016,572508.0
12645493.0,1674043.0,1737627.0,41.1,895444.0,3132444.0,1676971.0,42,2016,1676971.0
1045691.0,142792.0,146633.0,40.6,77129.0,204045.0,151195.0,44,2016,151195.0
4903788.0,646998.0,643464.0,39.6,403364.0,981669.0,591086.0,45,2016,591086.0
853832.0,111536.0,101899.0,37.4,58044.0,163910.0,111002.0,46,2016,111002.0
6580953.0,886029.0,893927.0,39.1,536178.0,1465937.0,756055.0,47,2016,756055.0
27472626.0,4061590.0,3500664.0,34.9,1827186.0,4474711.0,3362678.0,48,2016,3362678.0
619387.0,71885.0,86724.0,43.5,49679.0,128767.0,92871.0,50,2016,92871.0
3002244.0,448034.0,312852.0,31.3,178972.0,404605.0,381130.0,49,2016,381130.0
8312297.0,1152326.0,1164976.0,38.7,521983.0,1372836.0,1241751.0,51,2016,1241751.0
7202119.0,1074803.0,951227.0,38.1,435976.0,1111786.0,1098509.0,53,2016,1098509.0
1810709.0,216104.0,243424.0,42.7,147258.0,512228.0,162243.0,54,2016,162243.0
5712104.0,730022.0,781660.0,39.9,412946.0,1222607.0,758503.0,55,2016,758503.0
577567.0,80974.0,69086.0,37.9,42487.0,114624.0,67845.0,56,2016,67845.0
,,,,,,,72,2016,
4810126.0,629565.0,645623.0,39.4,402069.0,1011236.0,506680.0,01,2016,506680.0
731760.0,121629.0,93124.0,34.0,40098.0,133928.0,90861.0,02,2016,90861.0
6851836.0,929487.0,846513.0,38.0,484146.0,1105497.0,835779.0,04,2016,835779.0
2949650.0,382578.0,379035.0,38.5,252419.0,681969.0,282608.0,05,2016,282608.0
38783436.0,5902164.0,5198221.0,36.8,2806717.0,5390935.0,5426164.0,06,2016,5426164.0
5476928.0,837560.0,719910.0,37.1,344915.0,822144.0,934273.0,08,2016,934273.0
942073.0,128569.0,125863.0,41.1,60755.0,212474.0,121717.0,10,2016,121717.0
672022.0,154662.0,77605.0,34.2,32318.0,85248.0,115097.0,11,2016,115097.0
3541758.0,436596.0,524729.0,41.3,216171.0,678776.0,541369.0,09,2016,541369.0
20401575.0,2660916.0,2755495.0,42.5,1648377.0,4249733.0,2675907.0,12,2016,2675907.0
10179860.0,1403742.0,1403862.0,37.0,734618.0,1884080.0,1270275.0,13,2016,1270275.0
1663756.0,220555.0,198153.0,36.4,125273.0,302866.0,203363.0,16,2016,203363.0
1410258.0,205844.0,177648.0,39.4,89216.0,277743.0,211850.0,15,2016,211850.0
12654142.0,1765751.0,1716447.0,38.4,792896.0,2250392.0,1813840.0,17,2016,1813840.0
6554084.0,857485.0,864269.0,38.1,471559.0,1481882.0,716293.0,18,2016,716293.0
3097283.0,395052.0,391352.0,38.5,213972.0,649532.0,398242.0,19,2016,398242.0
2870529.0,377168.0,350511.0,36.9,198035.0,496294.0,390861.0,20,2016,390861.0
4385213.0,564723.0,597239.0,39.2,351431.0,968299.0,419081.0,21,2016,419081.0
4622042.0,671108.0,587387.0,37.0,365518.0,1059273.0,473299.0,22,2016,473299.0
1319292.0,157452.0,191625.0,44.9,114559.0,318369.0,181434.0,23,2016,181434.0
5949566.0,832284.0,854684.0,38.9,315778.0,1046470.0,860491.0,24,2016,860491.0
6745441.0,950957.0,960054.0,39.9,422799.0,1156496.0,1124295.0,25,2016,1124295.0
9813772.0,1248301.0,1349140.0,40.2,734077.0,1978343.0,1162737.0,26,2016,1162737.0
5455904.0,744809.0,727552.0,38.4,342754.0,937937.0,860125.0,27,2016,860125.0
2946971.0,362723.0,371222.0,37.9,244841.0,595611.0,265220.0,28,2017,265220.0
6039877.0,814462.0,773476.0,39.1,450222.0,1277505.0,743797.0,29,2017,743797.0
1039170.0,132667.0,123311.0,40.4,80247.0,203141.0,157326.0,30,2017,157326.0
1894217.0,259071.0,225511.0,36.9,123039.0,331081.0,263330.0,31,2017,263330.0
2963456.0,436060.0,396715.0,38.5,191002.0,592846.0,340110.0,32,2017,340110.0
1330742.0,163877.0,196140.0,43.6,77190.0,268564.0,216750.0,33,2017,216750.0
8910191.0,1162394.0,1277960.0,40.2,507544.0,1696858.0,1506899.0,34,2017,1506899.0
2062628.0,274063.0,239784.0,38.2,162034.0,370599.0,211995.0,35,2017,211995.0
19638923.0,2923367.0,2661217.0,39.1,1268254.0,3634065.0,2794920.0,36,2017,2794920.0
10158556.0,1352154.0,1390045.0,39.2,758938.0,1800555.0,1406739.0,37,2017,1406739.0
744641.0,114379.0,82316.0,35.9,47369.0,130900.0,108045.0,38,2017,108045.0
11520109.0,1525401.0,1519661.0,39.8,817117.0,2661209.0,1381934.0,39,2017,1381934.0
3875922.0,538461.0,468148.0,37.1,287531.0,804245.0,437243.0,40,2017,437243.0
4102048.0,578534.0,517835.0,39.7,279706.0,673810.0,609160.0,41,2017,609160.0
12674642.0,1681722.0,1699842.0,41.2,870930.0,3134497.0,1697397.0,42,2017,1697397.0
1048549.0,145756.0,142657.0,40.0,76267.0,220613.0,149699.0,44,2017,149699.0
4966211.0,648479.0,644154.0,39.9,391611.0,1016072.0,607024.0,45,2017,607024.0
856726.0,116061.0,99511.0,37.5,54468.0,176709.0,109803.0,46,2017,109803.0
6642072.0,905358.0,891828.0,39.0,536749.0,1488080.0,790840.0,47,2017,790840.0
27924632.0,4122739.0,3539389.0,35.2,1731020.0,4552676.0,3510311.0,48,2017,3510311.0
619089.0,73864.0,82775.0,43.0,46106.0,127426.0,98774.0,50,2017,98774.0
3056193.0,453438.0,316997.0,31.5,181147.0,408078.0,416804.0,49,2017,416804.0
8372522.0,1165166.0,1141333.0,38.6,519611.0,1396487.0,1270190.0,51,2017,1270190.0
7318811.0,1105343.0,946140.0,38.2,437152.0,1128284.0,1130392.0,53,2017,1130392.0
1798306.0,208597.0,237739.0,42.7,145274.0,526652.0,156378.0,54,2017,156378.0
5731549.0,727114.0,761175.0,39.9,399111.0,1214914.0,782676.0,55,2017,782676.0
573483.0,79822.0,64982.0,37.8,37751.0,114739.0,67312.0,56,2017,67312.0
,,,,,,,72,2017,
4819343.0,628878.0,630330.0,39.4,401057.0,1029982.0,528019.0,01,2017,528019.0
730874.0,118149.0,89052.0,34.8,37226.0,133132.0,86444.0,02,2017,86444.0
6935358.0,953327.0,850441.0,38.2,468889.0,1136493.0,863062.0,04,2017,863062.0
2968395.0,382786.0,375887.0,38.6,254097.0,683285.0,301294.0,05,2017,301294.0
39085984.0,6018225.0,5159747.0,37.0,2731490.0,5541182.0,5616449.0,06,2017,5616449.0
5542282.0,867170.0,714756.0,37.2,332013.0,815595.0,994894.0,08,2017,994894.0
952449.0,130949.0,124532.0,40.6,57900.0,218309.0,121442.0,10,2017,121442.0
684810.0,162354.0,76277.0,34.3,33915.0,85033.0,118172.0,11,2017,118172.0
3556297.0,444141.0,515325.0,41.3,208572.0,676911.0,533791.0,09,2017,533791.0
20772371.0,2707837.0,2761337.0,42.5,1602520.0,4330040.0,2839500.0,12,2017,2839500.0
10299497.0,1421366.0,1418289.0,37.2,719072.0,1936501.0,1311611.0,13,2017,1311611.0
1694182.0,221528.0,198380.0,36.8,125271.0,313029.0,202800.0,16,2017,202800.0
1410750.0,206064.0,173608.0,39.6,72847.0,280494.0,216993.0,15,2017,216993.0
12659328.0,1765429.0,1678264.0,38.5,783480.0,2272174.0,1829903.0,17,2017,1829903.0
6591598.0,868016.0,855973.0,38.2,456936.0,1450767.0,753268.0,18,2017,753268.0
3106880.0,392787.0,382916.0,38.8,209638.0,639230.0,406630.0,19,2017,406630.0
2876925.0,384111.0,343221.0,37.1,191326.0,490769.0,403542.0,20,2017,403542.0
4404279.0,573771.0,584245.0,39.3,343271.0,997060.0,423916.0,21,2017,423916.0
4629962.0,654476.0,577426.0,37.2,364297.0,1061526.0,482439.0,22,2017,482439.0
1322591.0,158713.0,184823.0,45.0,115900.0,300716.0,193860.0,23,2017,193860.0
5988007.0,837271.0,844542.0,39.1,316603.0,1020828.0,889090.0,24,2017,889090.0
6789798.0,972147.0,942394.0,40.0,432227.0,1163526.0,1146586.0,25,2017,1146586.0
9851330.0,1266361.0,1328423.0,40.3,708366.0,1969839.0,1201375.0,26,2017,1201375.0
5510902.0,758807.0,708904.0,38.4,342242.0,938908.0,888880.0,27,2017,888880.0
5751525.0,735765.0,738357.0,40.1,397961.0,1222475.0,775533.0,55,2018,775533.0
570867.0,77254.0,67487.0,38.9,35962.0,113351.0,66449.0,56,2018,66449.0
,,,,,,,72,2018,
2955717.0,379027.0,359664.0,38.0,233597.0,589363.0,284701.0,28,2018,284701.0
6053109.0,819132.0,753354.0,39.2,429802.0,1270247.0,754906.0,29,2018,754906.0
1051757.0,133976.0,121090.0,40.5,80816.0,205496.0,152448.0,30,2018,152448.0
1905843.0,256755.0,218816.0,37.1,121985.0,326400.0,269675.0,31,2018,269675.0
3003761.0,442713.0,396167.0,38.6,189915.0,581662.0,339675.0,32,2018,339675.0
1344750.0,167822.0,189718.0,43.5,84216.0,269202.0,217282.0,33,2018,217282.0
8815804.0,1151093.0,1233599.0,40.4,474416.0,1629398.0,1535321.0,34,2018,1535321.0
2072546.0,279153.0,239928.0,38.6,166356.0,370023.0,221735.0,35,2018,221735.0
19329704.0,2872898.0,2557338.0,39.4,1242227.0,3546789.0,2846770.0,36,2018,2846770.0
10274540.0,1382310.0,1378087.0,39.4,743889.0,1802360.0,1454678.0,37,2018,1454678.0
749825.0,116734.0,81517.0,36.0,44418.0,129495.0,110664.0,38,2018,110664.0
11555163.0,1533104.0,1488201.0,40.0,801402.0,2625971.0,1431014.0,39,2018,1431014.0
3895983.0,542736.0,459013.0,37.2,283934.0,816934.0,434570.0,40,2018,434570.0
4152756.0,592655.0,519480.0,39.9,284935.0,655811.0,621190.0,41,2018,621190.0
12674699.0,1695073.0,1659541.0,41.3,860933.0,3113998.0,1723226.0,42,2018,1723226.0
1047975.0,146349.0,140006.0,40.4,76381.0,210606.0,147507.0,44,2018,147507.0
5029034.0,654355.0,637009.0,40.1,379838.0,1043630.0,627144.0,45,2018,627144.0
871271.0,116300.0,97263.0,37.7,61878.0,180511.0,117943.0,46,2018,117943.0
6692936.0,914783.0,883961.0,39.4,512894.0,1477132.0,801616.0,47,2018,801616.0
28333482.0,4181960.0,3550999.0,35.3,1774709.0,4627856.0,3627047.0,48,2018,3627047.0
621681.0,75058.0,80695.0,43.4,45574.0,127349.0,103068.0,50,2018,103068.0
3114717.0,463344.0,319031.0,31.6,175368.0,423407.0,427561.0,49,2018,427561.0
8424340.0,1170188.0,1115695.0,38.7,507220.0,1398061.0,1296041.0,51,2018,1296041.0
7453439.0,1153369.0,930921.0,38.0,420886.0,1133822.0,1187508.0,53,2018,1187508.0
1787630.0,209002.0,233109.0,43.2,142260.0,508339.0,163614.0,54,2018,163614.0
4832358.0,635976.0,626173.0,39.8,379165.0,1026976.0,536086.0,01,2018,536086.0
727164.0,117688.0,89333.0,35.3,44394.0,137293.0,89635.0,02,2018,89635.0
7090137.0,979328.0,852462.0,38.4,446038.0,1159297.0,898032.0,04,2018,898032.0
2975961.0,392937.0,370343.0,38.7,240003.0,686867.0,296422.0,05,2018,296422.0
39114889.0,6034398.0,5068026.0,37.1,2631320.0,5559362.0,5704852.0,06,2018,5704852.0
5633029.0,889656.0,710218.0,37.3,307818.0,812615.0,1013989.0,08,2018,1013989.0
958770.0,127399.0,122887.0,41.5,61080.0,225797.0,124178.0,10,2018,124178.0
693798.0,163467.0,75526.0,34.2,33755.0,82900.0,129782.0,11,2018,129782.0
3538203.0,447891.0,494642.0,41.5,208240.0,669967.0,544028.0,09,2018,544028.0
21092877.0,2758515.0,2741968.0,42.6,1596120.0,4387954.0,2920459.0,12,2018,2920459.0
10410462.0,1442243.0,1396330.0,37.2,690090.0,1942122.0,1362317.0,13,2018,1362317.0
1734756.0,228080.0,201135.0,37.2,123211.0,318218.0,213462.0,16,2018,213462.0
1403653.0,201025.0,171390.0,39.9,81284.0,266728.0,218828.0,15,2018,218828.0
12599244.0,1765517.0,1636054.0,38.7,759887.0,2269285.0,1833666.0,17,2018,1833666.0
6612948.0,874246.0,841750.0,38.3,457179.0,1480040.0,771811.0,18,2018,771811.0
3119306.0,394507.0,369396.0,38.6,203620.0,649269.0,413442.0,19,2018,413442.0
2874208.0,376422.0,339683.0,37.6,194081.0,485753.0,402368.0,20,2018,402368.0
4414714.0,579520.0,575373.0,39.5,344474.0,990911.0,442090.0,21,2018,442090.0
4603081.0,645255.0,567313.0,37.8,350162.0,1071772.0,496634.0,22,2018,496634.0
1324095.0,159944.0,180466.0,45.5,108539.0,309259.0,197489.0,23,2018,197489.0
5974521.0,826526.0,822740.0,39.2,311625.0,1009495.0,911761.0,24,2018,911761.0
6834364.0,990332.0,921551.0,39.9,421970.0,1126183.0,1178868.0,25,2018,1178868.0
9891083.0,1291353.0,1290759.0,40.3,694188.0,1972855.0,1239251.0,26,2018,1239251.0
5543490.0,759541.0,689680.0,38.6,339198.0,921287.0,920850.0,27,2018,920850.0
2943737.0,368227.0,361557.0,38.7,235929.0,598609.0,270712.0,28,2019,270712.0
6069697.0,823722.0,730645.0,39.3,406903.0,1308859.0,775808.0,29,2019,775808.0
1056994.0,133119.0,117178.0,40.9,79791.0,211079.0,171309.0,30,2019,171309.0
1910711.0,257931.0,216099.0,37.3,120378.0,326389.0,277159.0,31,2019,277159.0
3048602.0,449055.0,396104.0,38.7,184898.0,593417.0,355837.0,32,2019,355837.0
1350155.0,170730.0,182129.0,43.4,78337.0,275105.0,224636.0,33,2019,224636.0
8791672.0,1148458.0,1199976.0,40.6,453192.0,1666321.0,1555781.0,34,2019,1555781.0
2073628.0,278627.0,235075.0,38.9,161150.0,376390.0,221281.0,35,2019,221281.0
19240920.0,2865401.0,2471667.0,39.7,1147479.0,3524192.0,2898440.0,36,2019,2898440.0
10371906.0,1401663.0,1363200.0,39.6,724269.0,1839042.0,1471420.0,37,2019,1471420.0
750501.0,117574.0,76528.0,36.0,46380.0,134432.0,108527.0,38,2019,108527.0
11556037.0,1544717.0,1451339.0,40.0,739480.0,2627758.0,1464945.0,39,2019,1464945.0
3907258.0,536999.0,452720.0,37.4,259575.0,825284.0,447888.0,40,2019,447888.0
4178578.0,594585.0,511021.0,40.0,264026.0,687243.0,627911.0,41,2019,627911.0
12670245.0,1704848.0,1605639.0,41.2,812116.0,3103046.0,1761627.0,42,2019,1761627.0
1050602.0,148180.0,135828.0,40.4,74633.0,212282.0,156087.0,44,2019,156087.0
5092727.0,670757.0,635042.0,40.3,354393.0,1015260.0,656496.0,45,2019,656496.0
872708.0,114420.0,96689.0,38.2,57837.0,176644.0,121231.0,46,2019,121231.0
6754461.0,934878.0,872195.0,39.5,496749.0,1480753.0,845100.0,47,2019,845100.0
28642658.0,4242661.0,3556845.0,35.5,1713105.0,4734422.0,3750797.0,48,2019,3750797.0
617560.0,76649.0,78203.0,43.3,40137.0,129254.0,101015.0,50,2019,101015.0
3162102.0,472153.0,329369.0,31.8,184341.0,442206.0,448109.0,49,2019,448109.0
8439982.0,1174655.0,1095894.0,39.0,474386.0,1387610.0,1312800.0,51,2019,1312800.0
7527366.0,1164010.0,925768.0,38.3,400541.0,1167347.0,1204728.0,53,2019,1204728.0
1773280.0,211267.0,226692.0,43.3,138906.0,515431.0,161686.0,54,2019,161686.0
5760481.0,737315.0,719293.0,40.3,376950.0,1223392.0,829878.0,55,2019,829878.0
572884.0,76649.0,63810.0,38.5,35420.0,117501.0,73183.0,56,2019,73183.0
,,,,,,,72,2019,
10499808.0,1458596.0,1397014.0,37.6,681070.0,1939945.0,1410395.0,13,2019,1410395.0
1764327.0,234800.0,202347.0,37.3,113461.0,305274.0,220189.0,16,2019,220189.0
1396819.0,195781.0,168179.0,40.1,76747.0,273421.0,219979.0,15,2019,219979.0
12536539.0,1748323.0,1602369.0,39.0,724457.0,2255611.0,1886240.0,17,2019,1886240.0
6656971.0,886319.0,827420.0,38.5,415710.0,1526825.0,777771.0,18,2019,777771.0
3121385.0,400299.0,358447.0,39.0,198790.0,658822.0,420199.0,19,2019,420199.0
2879518.0,377373.0,327291.0,37.6,185655.0,504035.0,414851.0,20,2019,414851.0
4421512.0,576692.0,562400.0,39.7,340808.0,1012643.0,453040.0,21,2019,453040.0
4595111.0,643422.0,544724.0,38.1,343344.0,1066026.0,503947.0,22,2019,503947.0
1331656.0,164231.0,176429.0,45.5,102245.0,311108.0,205722.0,23,2019,205722.0
5979602.0,820575.0,795954.0,39.5,291755.0,1030636.0,911781.0,24,2019,911781.0
6828110.0,992607.0,894405.0,40.1,402623.0,1158066.0,1197208.0,25,2019,1197208.0
9880758.0,1302017.0,1252699.0,40.3,676751.0,2005981.0,1252685.0,26,2019,1252685.0
5575235.0,765578.0,672810.0,38.8,321275.0,939997.0,942830.0,27,2019,942830.0
3531986.0,444509.0,480565.0,41.6,202545.0,668361.0,549166.0,09,2019,549166.0
21269409.0,2768060.0,2708234.0,42.8,1546430.0,4396122.0,2982643.0,12,2019,2982643.0
4849509.0,637403.0,609391.0,39.9,369768.0,1039241.0,547975.0,01,2019,547975.0
722063.0,117978.0,87687.0,35.5,35210.0,139156.0,89583.0,02,2019,89583.0
7200620.0,1001594.0,853081.0,38.7,434631.0,1170685.0,931038.0,04,2019,931038.0
2989054.0,386602.0,362384.0,39.2,235663.0,710306.0,307185.0,05,2019,307185.0
39084048.0,6036052.0,4974817.0,37.4,2505804.0,5546711.0,5889724.0,06,2019,5889724.0
5701658.0,907627.0,704792.0,37.5,307559.0,836590.0,1057825.0,08,2019,1057825.0
964817.0,128412.0,118670.0,41.8,60127.0,207642.0,134287.0,10,2019,134287.0
697556.0,164375.0,74493.0,34.5,25578.0,79881.0,129825.0,11,2019,129825.0
4989797.0,633583.0,618370.0,40.2,368616.0,1079285.0,572276.0,01,2021,572276.0
,,,,,,,72,2021,
7202745.0,1000536.0,850341.0,39.0,400981.0,1168057.0,985673.0,04,2021,985673.0
2990311.0,384776.0,356752.0,39.0,224533.0,695062.0,324137.0,05,2021,324137.0
38833197.0,5827869.0,4928928.0,38.0,2362505.0,5578997.0,5958030.0,06,2021,5958030.0
5757628.0,901297.0,709731.0,38.0,296445.0,814373.0,1107309.0,08,2021,1107309.0
3571470.0,450863.0,462437.0,41.5,189496.0,646776.0,587690.0,09,2021,587690.0
994669.0,128564.0,115300.0,41.9,59000.0,201366.0,146295.0,10,2021,146295.0
661026.0,145879.0,70143.0,35.2,23467.0,70925.0,120771.0,11,2021,120771.0
21590684.0,2738541.0,2717108.0,43.1,1503944.0,4363466.0,3248221.0,12,2021,3248221.0
10688429.0,1464846.0,1398844.0,37.9,639107.0,1930376.0,1514014.0,13,2021,1514014.0
1426298.0,197767.0,169360.0,40.6,77604.0,269095.0,226849.0,15,2021,226849.0
1879719.0,246440.0,216442.0,37.7,127080.0,338282.0,253762.0,16,2021,253762.0
12544435.0,1705429.0,1586115.0,39.4,687608.0,2194993.0,1932282.0,17,2021,1932282.0
6729771.0,882725.0,818064.0,38.6,401205.0,1517996.0,843069.0,18,2021,843069.0
3159672.0,390807.0,355466.0,39.0,191468.0,646672.0,441878.0,19,2021,441878.0
2900594.0,376531.0,326873.0,37.8,170411.0,493645.0,427464.0,20,2021,427464.0
4460646.0,582979.0,552306.0,39.6,326144.0,1007954.0,488546.0,21,2021,488546.0
4571302.0,610641.0,527337.0,38.4,326621.0,1023442.0,523475.0,22,2021,523475.0
1360264.0,165666.0,170699.0,45.1,95097.0,300595.0,224987.0,23,2021,224987.0
6099715.0,816525.0,786155.0,39.7,281791.0,1019047.0,956533.0,24,2021,956533.0
6916314.0,979614.0,875663.0,40.3,388894.0,1124134.0,1250748.0,25,2021,1250748.0
9950336.0,1314354.0,1222520.0,40.6,657338.0,2003265.0,1338162.0,26,2021,1338162.0
5645866.0,742562.0,669001.0,39.2,304376.0,909518.0,993883.0,27,2021,993883.0
2919574.0,356944.0,355047.0,38.9,225972.0,586187.0,303656.0,28,2021,303656.0
6102443.0,800642.0,717744.0,39.6,413773.0,1303894.0,823215.0,29,2021,823215.0
1093888.0,139869.0,120361.0,40.5,72174.0,205527.0,171377.0,30,2021,171377.0
1939700.0,252836.0,216069.0,37.7,117220.0,325200.0,286510.0,31,2021,286510.0
3111722.0,451763.0,396966.0,39.1,173017.0,597385.0,393208.0,32,2021,393208.0
1377638.0,178294.0,178476.0,43.4,77521.0,267904.0,247356.0,33,2021,247356.0
9174117.0,1185697.0,1217153.0,40.7,481283.0,1649422.0,1664353.0,34,2021,1664353.0
2092251.0,279475.0,235029.0,39.5,147019.0,372497.0,231745.0,35,2021,231745.0
19626300.0,2793961.0,2464191.0,40.2,1142434.0,3409426.0,3105839.0,36,2021,3105839.0
10446881.0,1376664.0,1353447.0,39.8,687121.0,1802594.0,1573681.0,37,2021,1573681.0
764638.0,110330.0,78905.0,36.3,45420.0,133316.0,113314.0,38,2021,113314.0
11660200.0,1539983.0,1424952.0,40.0,733191.0,2664759.0,1536624.0,39,2021,1536624.0
3943443.0,529075.0,448649.0,37.6,270117.0,811661.0,483168.0,40,2021,483168.0
4207387.0,595688.0,522034.0,40.4,265267.0,664591.0,680306.0,41,2021,680306.0
12842522.0,1694898.0,1574763.0,41.3,795910.0,3047979.0,1887722.0,42,2021,1887722.0
1085539.0,147146.0,133337.0,40.9,71754.0,214431.0,161594.0,44,2021,161594.0
5142137.0,660935.0,623044.0,40.6,354650.0,1026970.0,704740.0,45,2021,704740.0
884616.0,110211.0,94783.0,38.0,49777.0,172971.0,127258.0,46,2021,127258.0
6899165.0,939035.0,871706.0,39.6,459185.0,1502435.0,924404.0,47,2021,924404.0
29170380.0,4239952.0,3627516.0,35.9,1634430.0,4723476.0,4077821.0,48,2021,4077821.0
3295561.0,485796.0,358090.0,32.2,173231.0,445010.0,484882.0,49,2021,484882.0
641007.0,76472.0,77822.0,43.2,42486.0,121159.0,120373.0,50,2021,120373.0
8557020.0,1156787.0,1079930.0,39.2,467709.0,1420599.0,1394875.0,51,2021,1394875.0
7657350.0,1165183.0,927446.0,38.6,379660.0,1168676.0,1287465.0,53,2021,1287465.0
1767792.0,201957.0,222071.0,43.2,132068.0,495311.0,179376.0,54,2021,179376.0
5838954.0,737899.0,702240.0,40.5,368056.0,1222356.0,876467.0,55,2021,876467.0
573476.0,70511.0,65531.0,39.3,35416.0,107814.0,73255.0,56,2021,73255.0
723949.0,112341.0,82460.0,35.9,35774.0,135473.0,101422.0,02,2021,101422.0
5022366.0,652152.0,617680.0,40.0,384544.0,1057155.0,609316.0,01,2022,609316.0
724196.0,113900.0,81813.0,36.3,35561.0,142455.0,94168.0,02,2022,94168.0
7285247.0,1018691.0,855266.0,39.2,396416.0,1202946.0,1032052.0,04,2022,1032052.0
3007872.0,385877.0,363403.0,39.4,218587.0,705670.0,323961.0,05,2022,323961.0
38629179.0,5744459.0,4877813.0,38.3,2270614.0,5506855.0,6056169.0,06,2022,6056169.0
5781381.0,915942.0,704694.0,38.1,289870.0,823109.0,1177891.0,08,2022,1177891.0
3588965.0,450510.0,455401.0,41.3,183431.0,660047.0,584999.0,09,2022,584999.0
1008173.0,130563.0,112870.0,41.9,54909.0,204385.0,151894.0,10,2022,151894.0
660942.0,145253.0,71561.0,35.2,26679.0,64543.0,126678.0,11,2022,126678.0
22043900.0,2783761.0,2734163.0,43.1,1406680.0,4363609.0,3445343.0,12,2022,3445343.0
10791161.0,1483997.0,1399249.0,38.0,651440.0,1979843.0,1519625.0,13,2022,1519625.0
1425611.0,190091.0,170144.0,41.2,78658.0,273910.0,226124.0,15,2022,226124.0
1919357.0,250343.0,219658.0,37.8,124945.0,333105.0,274409.0,16,2022,274409.0
12455441.0,1689818.0,1557011.0,39.5,682378.0,2187110.0,1952990.0,17,2022,1952990.0
6757160.0,886951.0,815195.0,38.6,408609.0,1472890.0,869217.0,18,2022,869217.0
3166734.0,401666.0,361104.0,39.3,183021.0,637844.0,463740.0,19,2022,463740.0
2906619.0,377319.0,323536.0,37.9,160429.0,491928.0,426910.0,20,2022,426910.0
4462146.0,587159.0,557593.0,39.9,346275.0,1002671.0,508620.0,21,2022,508620.0
4537185.0,592066.0,533153.0,38.6,347492.0,1006184.0,525044.0,22,2022,525044.0
1372172.0,165876.0,169264.0,45.5,93048.0,310778.0,229764.0,23,2022,229764.0
6100234.0,804952.0,772926.0,40.1,282354.0,1009588.0,996167.0,24,2022,996167.0
6918482.0,968621.0,858029.0,40.6,373429.0,1136350.0,1252187.0,25,2022,1252187.0
9936710.0,1315373.0,1201643.0,40.7,671084.0,1962345.0,1361139.0,26,2022,1361139.0
5654602.0,743021.0,656345.0,39.4,306449.0,917132.0,995083.0,27,2022,995083.0
2907327.0,351516.0,353218.0,39.3,229333.0,604163.0,297480.0,28,2022,297480.0
6111432.0,808963.0,714086.0,39.5,401855.0,1275978.0,835865.0,29,2022,835865.0
1111641.0,145978.0,123314.0,40.5,77103.0,217592.0,179708.0,30,2022,179708.0
1943359.0,250983.0,215803.0,37.8,112910.0,326031.0,293346.0,31,2022,293346.0
3145500.0,456422.0,397253.0,39.4,177913.0,620161.0,390872.0,32,2022,390872.0
1384607.0,182003.0,171645.0,43.6,80777.0,277802.0,252073.0,33,2022,252073.0
9174261.0,1183821.0,1195456.0,40.7,469783.0,1635078.0,1679895.0,34,2022,1679895.0
2092565.0,274314.0,238273.0,39.8,142756.0,374107.0,246178.0,35,2022,246178.0
19474187.0,2762250.0,2405807.0,40.3,1165472.0,3413879.0,3097409.0,36,2022,3097409.0
10588557.0,1420429.0,1345894.0,39.6,661750.0,1834892.0,1678483.0,37,2022,1678483.0
770498.0,112725.0,75736.0,36.6,45151.0,131842.0,115034.0,38,2022,115034.0
11631820.0,1539071.0,1402439.0,40.3,748799.0,2597720.0,1578535.0,39,2022,1578535.0
3974110.0,534957.0,456850.0,37.6,266868.0,813545.0,495467.0,40,2022,495467.0
4201011.0,596347.0,524584.0,40.8,262122.0,690248.0,675825.0,41,2022,675825.0
12845436.0,1677321.0,1541463.0,41.3,795849.0,3019642.0,1899494.0,42,2022,1899494.0
1083984.0,150979.0,129195.0,41.1,66126.0,192219.0,185883.0,44,2022,185883.0
5228328.0,663662.0,630345.0,40.9,356202.0,1015742.0,725469.0,45,2022,725469.0
898505.0,111152.0,97020.0,39.1,53528.0,177171.0,131481.0,46,2022,131481.0
6976549.0,964188.0,867729.0,39.6,460254.0,1523487.0,958365.0,47,2022,958365.0
29671447.0,4329357.0,3687865.0,36.0,1652940.0,4733230.0,4242031.0,48,2022,4242031.0
3337151.0,494776.0,373195.0,32.5,174156.0,449458.0,505215.0,49,2022,505215.0
641722.0,77515.0,75793.0,43.5,38890.0,121782.0,114633.0,50,2022,114633.0
8590803.0,1156622.0,1068270.0,39.4,465545.0,1431624.0,1409942.0,51,2022,1409942.0
7710339.0,1176297.0,936835.0,38.7,370023.0,1176424.0,1302707.0,53,2022,1302707.0
1758432.0,207092.0,221995.0,43.2,142322.0,484166.0,188793.0,54,2022,188793.0
5835492.0,733729.0,692508.0,40.8,356342.0,1209135.0,885548.0,55,2022,885548.0
575705.0,72434.0,64361.0,39.6,31603.0,109092.0,71812.0,56,2022,71812.0
,,,,,,,72,2022,
5058397.0,644517.0,620078.0,40.1,341100.0,1052554.0,616025.0,01,2023,616025.0
725129.0,111850.0,82182.0,36.8,33821.0,143607.0,99091.0,02,2023,99091.0
7362464.0,1026988.0,862865.0,39.6,405454.0,1202651.0,1051136.0,04,2023,1051136.0
3034111.0,393194.0,359350.0,39.3,206254.0,710230.0,345836.0,05,2023,345836.0
38552167.0,5670629.0,4846002.0,38.6,2169673.0,5505182.0,6137666.0,06,2023,6137666.0
5819109.0,928003.0,713472.0,38.2,271878.0,798897.0,1170106.0,08,2023,1170106.0
3576682.0,450467.0,441639.0,41.9,181359.0,653609.0,591246.0,09,2023,591246.0
1022638.0,124961.0,115314.0,42.4,56835.0,208160.0,153565.0,10,2023,153565.0
670127.0,144710.0,71869.0,35.2,25375.0,63274.0,129951.0,11,2023,129951.0
22395466.0,2814633.0,2760526.0,43.2,1394547.0,4404157.0,3550180.0,12,2023,3550180.0
10909651.0,1516617.0,1406709.0,38.2,654352.0,1955787.0,1585916.0,13,2023,1585916.0
1420012.0,185753.0,167524.0,41.8,68406.0,269469.0,237228.0,15,2023,237228.0
1945004.0,254318.0,224893.0,38.2,117592.0,338616.0,281799.0,16,2023,281799.0
12427191.0,1682224.0,1554808.0,39.9,654787.0,2204015.0,1983481.0,17,2023,1983481.0
6783874.0,892860.0,818503.0,38.7,386506.0,1484039.0,882311.0,18,2023,882311.0
3170553.0,398626.0,364366.0,39.6,179082.0,648610.0,452714.0,19,2023,452714.0
2907735.0,377828.0,325660.0,38.3,161332.0,490655.0,438965.0,20,2023,438965.0
4477307.0,595668.0,555908.0,39.7,318453.0,1026377.0,506856.0,21,2023,506856.0
4524085.0,589465.0,529166.0,39.1,336797.0,1026301.0,525591.0,22,2023,525591.0
1385562.0,168265.0,168102.0,45.2,92308.0,305234.0,241654.0,23,2023,241654.0
6110314.0,792152.0,768211.0,40.2,265820.0,1025379.0,964064.0,24,2023,964064.0
6936108.0,966446.0,845153.0,40.6,360882.0,1135009.0,1261847.0,25,2023,1261847.0
9939831.0,1314352.0,1194336.0,40.9,629941.0,1941922.0,1395186.0,26,2023,1395186.0
5673119.0,739675.0,665862.0,39.5,279135.0,919678.0,1022673.0,27,2023,1022673.0
2907634.0,350728.0,357694.0,39.8,233881.0,582307.0,307215.0,28,2023,307215.0
6126390.0,806773.0,720232.0,39.8,371918.0,1250614.0,860267.0,29,2023,860267.0
1120157.0,144635.0,125811.0,41.0,71849.0,222744.0,180347.0,30,2023,180347.0
1956041.0,254207.0,220460.0,37.8,104939.0,324140.0,298782.0,31,2023,298782.0
3159456.0,455592.0,401070.0,39.8,161004.0,604973.0,421005.0,32,2023,421005.0
1389863.0,176155.0,168517.0,43.8,68932.0,278782.0,253142.0,33,2023,253142.0
9192631.0,1182680.0,1193831.0,40.8,439327.0,1638822.0,1712683.0,34,2023,1712683.0
2093439.0,276825.0,239914.0,40.2,144615.0,369453.0,257431.0,35,2023,257431.0
19365855.0,2734288.0,2367063.0,40.6,1090059.0,3366650.0,3136170.0,36,2023,3136170.0
10719307.0,1443771.0,1353219.0,39.9,623387.0,1831714.0,1718641.0,37,2023,1718641.0
774985.0,114831.0,76863.0,36.7,44083.0,126581.0,121205.0,38,2023,121205.0
11660232.0,1550786.0,1405017.0,40.3,712387.0,2597987.0,1578402.0,39,2023,1578402.0
4011072.0,540127.0,460843.0,37.5,245356.0,820564.0,498843.0,40,2023,498843.0
4196830.0,591892.0,522968.0,41.0,249075.0,672703.0,715933.0,41,2023,715933.0
12829324.0,1651405.0,1524092.0,41.5,761794.0,3034070.0,1921489.0,42,2023,1921489.0
1086909.0,153786.0,126538.0,41.1,71656.0,207550.0,182054.0,44,2023,182054.0
5319249.0,677457.0,637492.0,40.9,338572.0,1056098.0,765869.0,45,2023,765869.0
907196.0,114987.0,98654.0,38.9,50699.0,170305.0,141083.0,46,2023,141083.0
7046744.0,978478.0,869841.0,39.6,466304.0,1529501.0,952495.0,47,2023,952495.0
30134547.0,4380452.0,3757106.0,36.3,1616395.0,4852745.0,4324866.0,48,2023,4324866.0
3373801.0,506590.0,383876.0,32.7,163845.0,461960.0,513565.0,49,2023,513565.0
642670.0,76173.0,76737.0,44.0,35772.0,127628.0,118611.0,50,2023,118611.0
8626985.0,1162172.0,1065740.0,39.6,441156.0,1452078.0,1446760.0,51,2023,1446760.0
7727767.0,1178336.0,933149.0,38.9,371231.0,1188673.0,1340967.0,53,2023,1340967.0
1753113.0,206253.0,222373.0,43.2,135837.0,500120.0,182741.0,54,2023,182741.0
5857364.0,741724.0,688521.0,40.9,327945.0,1212716.0,914463.0,55,2023,914463.0
577612.0,76458.0,61052.0,39.6,35800.0,111034.0,77762.0,56,2023,77762.0
,,,,,,,72,2023,
